territory,year,poverty_rate
País Vasco,2008,9.1
País Vasco,2009,10.0
País Vasco,2010,11.7
País Vasco,2011,13.8
País Vasco,2012,13.3
País Vasco,2013,10.5
País Vasco,2014,10.2
País Vasco,2015,10.9
País Vasco,2016,9.0
País Vasco,2017,9.7
País Vasco,2018,8.6
País Vasco,2019,10.0
País Vasco,2020,10.0
País Vasco,2021,12.2
País Vasco,2022,12.2
País Vasco,2023,10.2
País Vasco,2024,9.4
País Vasco,2025,9.3
